0.000000000000000000e+00,6.122814309105847896e-02,-1.224562861821169441e-01,-1.372681481375938706e+00,-5.633939339523733741e-02,7.936370999751368061e+00,-2.746600854902929711e-01
1.996826020354093845e-01,2.572740913548977604e-01,-8.241820551797955641e-02,-1.374513090224209755e+00,-5.523280052555516739e-02,7.929443216669594285e+00,-3.454691436214583078e-01
3.993652040708187689e-01,4.507088690808386811e-01,-3.586312732868001535e-02,-1.375306659586927438e+00,-5.059487416952036798e-02,7.920770281240101518e+00,-6.449469217288475997e-01
5.990478061062280979e-01,6.442924811819735753e-01,3.802292886238075632e-03,-1.382578776367664020e+00,-4.625076520054505202e-02,7.904663917131934170e+00,-9.306259947183462833e-01
7.987304081416375379e-01,8.418818278577889780e-01,4.781989860391215597e-02,-1.385362045864428016e+00,-4.277278467757691938e-02,7.880795195319585389e+00,-1.165420834454655941e+00
9.984130101770469778e-01,1.041035166740254869e+00,8.537295980666766149e-02,-1.394214286746036979e+00,-4.025649475321617377e-02,7.850767961440938691e+00,-1.341125859676631116e+00
1.198095612212456196e+00,1.231952981137703906e+00,1.263302678932353151e-01,-1.407231281026348091e+00,-3.785284662404478362e-02,7.817340767884259023e+00,-1.510828538907422303e+00
1.397778214247865636e+00,1.429166162436202425e+00,1.586121698626906107e-01,-1.423726337344113357e+00,-3.720518681666932365e-02,7.778622967748354711e+00,-1.571324164308633087e+00
1.597460816283275076e+00,1.631724945538314708e+00,1.789628164037414537e-01,-1.438193908892114292e+00,-3.488513335617797473e-02,7.737389715696165737e+00,-1.736375752892946212e+00
1.797143418318684516e+00,1.822836906906552201e+00,2.031035692073803189e-01,-1.454415722597153682e+00,-3.509458104547558827e-02,7.694039336993709455e+00,-1.744919174208081847e+00
1.996826020354093956e+00,2.024854158019958383e+00,2.279342623985107508e-01,-1.469511969102379911e+00,-3.252041403298195493e-02,7.647740070246936028e+00,-1.920419820936884570e+00
2.196508622389503174e+00,2.230785606122964726e+00,2.432890955719348713e-01,-1.486237115406829901e+00,-2.974828177853980002e-02,7.595708187631259989e+00,-2.106950701663490300e+00
2.396191224424912392e+00,2.423103924553705824e+00,2.563266844826772028e-01,-1.494488885775509646e+00,-2.755364282586109451e-02,7.542049613065736402e+00,-2.254797291460082675e+00
2.595873826460322054e+00,2.621905101567273189e+00,2.675863973297400444e-01,-1.498114970217200304e+00,-2.335521253082477669e-02,7.482283265042926956e+00,-2.515823743163635218e+00
2.795556428495731272e+00,2.817120299034714836e+00,2.787428623996505150e-01,-1.504128774342140096e+00,-2.052848323027002195e-02,7.416246088910550149e+00,-2.693549291321994055e+00
2.995239030531140934e+00,3.018447623658593315e+00,2.863415945055775014e-01,-1.509814311408283816e+00,-1.567230646950558068e-02,7.342708197281925919e+00,-2.978130979969913827e+00
3.194921632566550151e+00,3.221864644090725704e+00,2.949978262496138481e-01,-1.511098167197362674e+00,-1.044673090783785653e-02,7.259659915350409776e+00,-3.272961960585091035e+00
3.394604234601959369e+00,3.419879628676365524e+00,3.108139498191463401e-01,-1.511014338072226959e+00,-3.860810246099495059e-03,7.169542729168830952e+00,-3.626325849390477529e+00
3.594286836637369031e+00,3.619185227203596700e+00,3.236690229519198492e-01,-1.508064751277009785e+00,1.128408968299114950e-03,7.067803423585180767e+00,-3.424396178175983518e+00
3.793969438672778249e+00,3.818617474956429447e+00,3.363548479793543877e-01,-1.508597760923974906e+00,8.245385441663508758e-03,6.970309511248504286e+00,-3.150888541056540149e+00
3.993652040708187911e+00,4.017597173667958543e+00,3.496066103402293845e-01,-1.502556699243432270e+00,1.424324241867139934e-02,6.879572024669859509e+00,-2.802488007186352270e+00
4.193334642743597129e+00,4.217416062407162158e+00,3.620283682586893370e-01,-1.493317376456637424e+00,2.212924346075925003e-02,6.797526695099253224e+00,-2.496892166551922365e+00
4.393017244779006347e+00,4.415987076424178426e+00,3.756073349504213676e-01,-1.485346321487372112e+00,2.937483696358150417e-02,6.724019073526307011e+00,-2.258807482332458871e+00
4.592699846814415565e+00,4.613640227599612231e+00,3.926952344115628990e-01,-1.475851368552565823e+00,3.534132422198787288e-02,6.657039950734099598e+00,-1.968840266428310226e+00
4.792382448849824783e+00,4.819510572838499485e+00,4.034495231920575131e-01,-1.467345664809639683e+00,4.266599957562173390e-02,6.595788349008866902e+00,-1.732425063484058114e+00
4.992065050885234889e+00,5.021134908419998766e+00,4.232167546630890564e-01,-1.456804025460582075e+00,4.888910897621288193e-02,6.542360160401692326e+00,-1.479399992699415467e+00
5.191747652920644107e+00,5.203268463875083683e+00,4.488228408817201420e-01,-1.448951889235164048e+00,5.550628201709535692e-02,6.500636891962099817e+00,-1.276505833975026816e+00
5.391430254956053325e+00,5.408228427667188143e+00,4.811331071669175952e-01,-1.439145070062235687e+00,6.107314988665493022e-02,6.459764152307687191e+00,-1.001754743226915823e+00
5.591112856991462543e+00,5.606816690884056875e+00,5.129537232026503135e-01,-1.433687436113113112e+00,6.831709584438799832e-02,6.428499366839681706e+00,-7.364943984910756747e-01
5.790795459026871761e+00,5.800174107931248102e+00,5.420826198172905563e-01,-1.421486522201628633e+00,7.526042773952017206e-02,6.406057839352489403e+00,-5.321100040210199333e-01
5.990478061062281867e+00,6.002704999737949798e+00,5.768788841836054448e-01,-1.412629414950751450e+00,8.067075485353496223e-02,6.388965617559025034e+00,-4.748027186608039796e-01
6.190160663097691085e+00,6.196512028214518075e+00,6.043706684115521810e-01,-1.397860617100440406e+00,8.245016017361636584e-02,6.374401859481311661e+00,-4.707340983169658877e-01
6.389843265133100303e+00,6.394012880764811335e+00,6.375318995049297222e-01,-1.377176008190432066e+00,8.293512323844277889e-02,6.359595545769678004e+00,-4.281341081806030457e-01
6.589525867168509521e+00,6.592585459716429064e+00,6.657393395743147479e-01,-1.356974018616728728e+00,8.434657823630055395e-02,6.346078883585852815e+00,-4.135101933891247028e-01
6.789208469203918739e+00,6.788836004825536286e+00,6.996938301119054460e-01,-1.333735618068103701e+00,8.505758400882318382e-02,6.333087925408536378e+00,-3.949503083429820038e-01
6.988891071239328845e+00,6.983856104476919846e+00,7.362691897040003486e-01,-1.314568221577026241e+00,8.585583532152936403e-02,6.320701732556954333e+00,-3.638744225016274925e-01
7.188573673274738063e+00,7.176936210439991193e+00,7.935842441572825701e-01,-1.289425390747665601e+00,8.695269382211220921e-02,6.309096320836313332e+00,-3.490791684371777892e-01
7.388256275310147281e+00,7.359653839050381841e+00,8.637621479833574867e-01,-1.267109428394910475e+00,8.762521130069447772e-02,6.298257304586495131e+00,-3.466482689641333104e-01
7.587938877345556499e+00,7.550620233239856205e+00,9.350344832074277690e-01,-1.235230042042812837e+00,8.627835034617888088e-02,6.287028577289025755e+00,-4.106496886723838835e-01
7.787621479380965717e+00,7.734620577220314708e+00,1.009451886636610451e+00,-1.208033800097469079e+00,8.373488000335832515e-02,6.274051108743816663e+00,-5.263391411834452693e-01
7.987304081416375823e+00,7.922430809661906714e+00,1.079821607955398166e+00,-1.180385774497142437e+00,8.231633796739545872e-02,6.257203165699277037e+00,-5.976263445999266954e-01
8.186986683451785041e+00,8.102347595391497848e+00,1.155231870084862944e+00,-1.164040126022557464e+00,7.934384523140515511e-02,6.238543089069960246e+00,-7.302611021144277403e-01
8.386669285487194259e+00,8.290844963501429632e+00,1.231962226679209627e+00,-1.154132297319780065e+00,7.473901947958663805e-02,6.214674575746473195e+00,-9.311644394750345777e-01
8.586351887522603477e+00,8.470531737295690533e+00,1.320684656930714684e+00,-1.139000484252411294e+00,6.932863334473485240e-02,6.184575550173010861e+00,-1.165762966020488900e+00
8.786034489558012694e+00,8.653167493681864997e+00,1.407319604911732913e+00,-1.127655270855094871e+00,6.332004527743326228e-02,6.146354623523243355e+00,-1.427420511690233207e+00
8.985717091593421912e+00,8.827204468791013170e+00,1.494871407510603101e+00,-1.113925693522050286e+00,5.842967150611806659e-02,6.100942530450403467e+00,-1.643164182384390104e+00
9.185399693628831130e+00,9.004714341224003604e+00,1.580954605786858647e+00,-1.101693086107411457e+00,5.135965443589807916e-02,6.047575323297954775e+00,-1.941199495517831775e+00
9.385082295664240348e+00,9.186188251043704511e+00,1.672144688995990336e+00,-1.089200466133731116e+00,4.538884482968628259e-02,5.982028377876326353e+00,-2.195220387031844300e+00
9.584764897699649566e+00,9.361348089549430540e+00,1.769411334347239961e+00,-1.089121726184159922e+00,3.794150732851912788e-02,5.908047110568480420e+00,-2.495356046169542985e+00
9.784447499735060561e+00,9.536688043045167262e+00,1.864755354147787036e+00,-1.087078547797761363e+00,2.890203377272854840e-02,5.823138695919339192e+00,-2.841177485574406969e+00
9.984130101770469778e+00,9.712013158373393296e+00,1.959503802424524377e+00,-1.083886603843637664e+00,1.999145648162546293e-02,5.725077518340349947e+00,-3.168196171750841561e+00
1.018381270380587900e+01,9.887511472151023995e+00,2.060021224927365058e+00,-1.080988907674404587e+00,1.475402082599275300e-02,5.612040905060613483e+00,-3.359415382358672542e+00
1.038349530584128821e+01,1.006297416612631146e+01,2.158149478292529899e+00,-1.078694370525251855e+00,1.037491843170911844e-02,5.490379063291906725e+00,-3.511179627067682940e+00
1.058317790787669743e+01,1.023667187924623612e+01,2.243918839697477186e+00,-1.080099580580018648e+00,1.601861025824248552e-03,5.365062321621926422e+00,-3.665514871423380505e+00
1.078286050991210665e+01,1.041556272357076729e+01,2.333185936914735858e+00,-1.080857390028147513e+00,-5.838048160076270143e-03,5.226684191171376170e+00,-3.457694657302528007e+00
1.098254311194751587e+01,1.059286717833689373e+01,2.429657734188844120e+00,-1.081220444728708818e+00,-1.416944510324808122e-02,5.091399801186542007e+00,-3.207631609092191471e+00
1.118222571398292509e+01,1.077140638341531620e+01,2.522850216882525309e+00,-1.084312801999673948e+00,-2.506537041667588131e-02,4.962895509087199564e+00,-2.940808753672426334e+00
1.138190831601833430e+01,1.094638031485587071e+01,2.615768076827315713e+00,-1.085842175615446603e+00,-3.768112887057417648e-02,4.844078282548418990e+00,-2.776809025682297705e+00
1.158159091805374352e+01,1.112202986217644707e+01,2.710114469794897119e+00,-1.083704863872727797e+00,-4.688258122180286730e-02,4.728402633598397742e+00,-2.639573104933673253e+00
1.178127352008915452e+01,1.129819894862560048e+01,2.804186230161158200e+00,-1.092609133940394717e+00,-5.564475227585618383e-02,4.615569358220525054e+00,-2.389685732395706363e+00
1.198095612212456373e+01,1.147442739290482905e+01,2.898594752381921325e+00,-1.100546853522569979e+00,-7.053844496448306856e-02,4.510872587132592315e+00,-2.111853381703890253e+00
1.218063872415997295e+01,1.164993370208697065e+01,2.992130497713226589e+00,-1.105117700642180401e+00,-8.781773327834062337e-02,4.416783941459671681e+00,-1.855750405462547548e+00
1.238032132619538217e+01,1.182751576561763862e+01,3.087928940080163276e+00,-1.112698483152803952e+00,-1.049757182688388774e-01,4.331177226824890703e+00,-1.635369431269332319e+00
1.258000392823079139e+01,1.200597406354525987e+01,3.181043716962369317e+00,-1.132603208697697372e+00,-1.209691947689050251e-01,4.254495110288304183e+00,-1.426961045769517433e+00
1.277968653026620061e+01,1.218965303779373421e+01,3.252712685946868909e+00,-1.150970403803336151e+00,-1.367336367480300463e-01,4.187843409236488235e+00,-1.180547123752460070e+00
1.297936913230160982e+01,1.237051628933918224e+01,3.333200836139152745e+00,-1.170513526874339627e+00,-1.549125259019131229e-01,4.131660693484659141e+00,-1.003402777258741718e+00
1.317905173433701904e+01,1.255268969011571478e+01,3.418018744722491231e+00,-1.201795453823075732e+00,-1.692888834117658725e-01,4.082566704505917521e+00,-7.688492915200026978e-01
1.337873433637242826e+01,1.272878749444005919e+01,3.494640829623514744e+00,-1.239685783343887904e+00,-1.866688644350995574e-01,4.046238151392899773e+00,-5.411082417750815443e-01
1.357841693840783748e+01,1.292621431090583961e+01,3.555510291741245776e+00,-1.276354442354280305e+00,-2.033563398661810129e-01,4.018514674304330292e+00,-3.851475427665155271e-01
1.377809954044324670e+01,1.312136690975878572e+01,3.617982354346889640e+00,-1.309304326278935893e+00,-2.151168834676066011e-01,3.998827396761551967e+00,-2.703146201326792619e-01
1.397778214247865769e+01,1.330544512304868654e+01,3.673347077711260233e+00,-1.365592608524427654e+00,-2.237523008335514096e-01,3.985812171832831208e+00,-1.486733526798402483e-01
1.417746474451406691e+01,1.349425582546925995e+01,3.705356002407208749e+00,-1.431702377391816938e+00,-2.322415324868608022e-01,3.978662510894127369e+00,-8.725417648663078007e-02
1.437714734654947613e+01,1.371532824237737813e+01,3.736895016743689624e+00,-1.497930862014408060e+00,-2.367042322967668477e-01,3.973762168519299642e+00,-5.599927764290647814e-02
1.457682994858488534e+01,1.390584753441172339e+01,3.757193027085264259e+00,-1.563208452131682469e+00,-2.390083414549888929e-01,3.971061209105577916e+00,0.000000000000000000e+00
1.477651255062029456e+01,1.409213484715039222e+01,3.761854416606208673e+00,-1.626923957460369774e+00,-2.425594934600053820e-01,3.971061209105577916e+00,0.000000000000000000e+00
1.497619515265570378e+01,1.429710670445984455e+01,3.734188555910912477e+00,-1.699887169928144148e+00,-2.422131277832737239e-01,3.971061209105577916e+00,5.461953661765547169e-03
1.517587775469111300e+01,1.450013598522943070e+01,3.690657270535112389e+00,-1.760393696706283206e+00,-2.392325168464791985e-01,3.971346799994655896e+00,5.192153637944717931e-02
1.537556035672652222e+01,1.467752981577634053e+01,3.636888682869570122e+00,-1.831332667003362058e+00,-2.318021755578660581e-01,3.973769510508457170e+00,1.646479784753686615e-01
1.557524295876193143e+01,1.487364722360965530e+01,3.570287452201433620e+00,-1.895839325570249478e+00,-2.281328106229198183e-01,3.982341918985822016e+00,2.070309976535415486e-01
1.577492556079734065e+01,1.506260145394808880e+01,3.508910898420312119e+00,-1.951711114591586860e+00,-2.279532082181895958e-01,3.992656999115665073e+00,1.911272622253076814e-01
1.597460816283275165e+01,1.524232810264137328e+01,3.421915008024677185e+00,-1.994135686359634896e+00,-2.225937182025047589e-01,4.002203947683488749e+00,2.595747482597056122e-01
1.617429076486816086e+01,1.542513167266234575e+01,3.334816394164931808e+00,-2.032609570795528953e+00,-2.140286547299986852e-01,4.015315734533909442e+00,3.742672707814719835e-01
1.637397336690357008e+01,1.558640146326732179e+01,3.238074531201670325e+00,-2.058012823509051792e+00,-2.067302292570614153e-01,4.032806788064540626e+00,4.628365926291239663e-01
1.657365596893897930e+01,1.576044060770899513e+01,3.132203252214347700e+00,-2.087119359295693144e+00,-1.984699891043282538e-01,4.056118934282646471e+00,5.597517316852861358e-01
1.677333857097438852e+01,1.593221450937992500e+01,3.024950659724802371e+00,-2.119668619853031011e+00,-1.921583137247940554e-01,4.083969753199275132e+00,6.200281981818402954e-01
1.697302117300979774e+01,1.610797068365529938e+01,2.918242471895493129e+00,-2.137828478932323861e+00,-1.830989643156775148e-01,4.115067576182847908e+00,7.244422082871019297e-01
1.717270377504520695e+01,1.627337554254915020e+01,2.808099731342728056e+00,-2.157206882930773340e+00,-1.775931723463044232e-01,4.149904273718644454e+00,7.665426904104510886e-01
1.737238637708061617e+01,1.643267711466861769e+01,2.706980016415647228e+00,-2.165423014801157287e+00,-1.688954999686861635e-01,4.184611850533190847e+00,8.674748961795806235e-01
1.757206897911602539e+01,1.659958735722407042e+01,2.590489035093783698e+00,-2.187437507050998597e+00,-1.590698279497595735e-01,4.226595648321485044e+00,9.833589726391369634e-01
1.777175158115143461e+01,1.676403177917205056e+01,2.468393228929718131e+00,-2.219670121465487256e+00,-1.508589386618060246e-01,4.273982326180197688e+00,1.069271093274943407e+00
1.797143418318684382e+01,1.692164390078916725e+01,2.352544627650957398e+00,-2.254554465472683678e+00,-1.462481662756651424e-01,4.322642805954194145e+00,1.092317792505175689e+00
1.817111678522225304e+01,1.709000095931277841e+01,2.228728053854013957e+00,-2.286458351124303956e+00,-1.431074095850453920e-01,4.375133876834613744e+00,1.085667096635027473e+00
1.837079938725766226e+01,1.724677131106810535e+01,2.115203976240028094e+00,-2.323539463962942531e+00,-1.434592383819216499e-01,4.422903494287329984e+00,1.018639573454703795e+00
1.857048198929307148e+01,1.737991409109144314e+01,1.984238791115115363e+00,-2.355828529137514504e+00,-1.425382086862912456e-01,4.465708823165011054e+00,9.824238918665781917e-01
1.877016459132848070e+01,1.751941780373293511e+01,1.821169863448016679e+00,-2.394337399206437400e+00,-1.430902714548434596e-01,4.512672135346890379e+00,9.110796915920363892e-01
1.896984719336388991e+01,1.764493835805592070e+01,1.665773565841581316e+00,-2.431120722419005009e+00,-1.490987321618247041e-01,4.552823458726667383e+00,7.344514443570155926e-01
1.916952979539929913e+01,1.776670938516607023e+01,1.509762454497905138e+00,-2.469639031862942424e+00,-1.548884021795250698e-01,4.584638410145414511e+00,5.694147149464090507e-01
1.936921239743471190e+01,1.788291965281092288e+01,1.348489350274788556e+00,-2.505842525119735598e+00,-1.647135934647003530e-01,4.609260990041863515e+00,3.256124547420274906e-01
1.956889499947012112e+01,1.799908735232697410e+01,1.192012990299542219e+00,-2.531108868576907422e+00,-1.691643408102930790e-01,4.623007701696147720e+00,2.095858398195766248e-01
1.976857760150553034e+01,1.810755016276031526e+01,1.018265343470683204e+00,-2.554189222837380147e+00,-1.706151463330512208e-01,4.632284120685643103e+00,1.639306057211110113e-01
1.996826020354093956e+01,1.821396579500828850e+01,8.504553451461007718e-01,-2.578199974056275323e+00,-1.698650160074554882e-01,4.639310778676128066e+00,1.689605228820329486e-01
2.016794280557634877e+01,1.832034417213274224e+01,6.819805528706914810e-01,-2.604130769125307943e+00,-1.693135233789829497e-01,4.646561620147237726e+00,1.694304661668217804e-01
2.036762540761175799e+01,1.843066397091242692e+01,5.109239278194989131e-01,-2.630939103631455556e+00,-1.673811030274068856e-01,4.653977713169684449e+00,1.996075670860874562e-01
2.056730800964716721e+01,1.852903002566435120e+01,3.417980705721277435e-01,-2.656367367294589776e+00,-1.685459238445779773e-01,4.662361581847728864e+00,1.612135100219684036e-01
2.076699061168257643e+01,1.862267633643557474e+01,1.641317433948069060e-01,-2.691121374454155113e+00,-1.662740125286836790e-01,4.669300842486797443e+00,1.998323979974481468e-01
2.096667321371798565e+01,1.870761087450151905e+01,-1.650649664366807962e-02,-2.733276934897398647e+00,-1.644173351438604214e-01,4.677835754372183352e+00,2.271956463290747685e-01
2.116635581575339486e+01,1.878468277840040557e+01,-1.982902813685872845e-01,-2.775777266377064123e+00,-1.625159145591764664e-01,4.687415669983536759e+00,2.542221571725222784e-01
2.136603841778880408e+01,1.885711781256976849e+01,-3.904761739560003719e-01,-2.823231793473836682e+00,-1.612942293668372662e-01,4.698541430529491691e+00,2.642215632291945449e-01
2.156572101982421330e+01,1.892887065124210366e+01,-5.713764211828864514e-01,-2.863021021943080946e+00,-1.622691266646410224e-01,4.709472616112003962e+00,2.260115679443368275e-01
2.176540362185962252e+01,1.897244785521413490e+01,-7.700566467123626246e-01,-2.901047648794203404e+00,-1.642786412623303272e-01,4.719224005155290946e+00,1.663380249130280986e-01
2.196508622389503174e+01,1.899864468153333164e+01,-9.632850119164309000e-01,-2.932936233295787343e+00,-1.655326482772552787e-01,4.726092015560229065e+00,1.276717499565209746e-01
2.216476882593044095e+01,1.902657836554460147e+01,-1.161699542553408682e+00,-2.962637649286272712e+00,-1.674409258596556982e-01,4.731501793544926393e+00,7.648170449368389689e-02
2.236445142796585017e+01,1.904926781483499454e+01,-1.366071888950957325e+00,-2.992001347644333453e+00,-1.674662969154041559e-01,4.734824471874946816e+00,7.064630915735098382e-02
2.256413403000125939e+01,1.907244016370593798e+01,-1.558181021670008937e+00,-3.028942301852460162e+00,-1.669955497529827249e-01,4.737710747807247103e+00,7.663406712210917016e-02
2.276381663203666861e+01,1.909439419746518851e+01,-1.758936279978253303e+00,-3.058377948658353773e+00,-1.641692697425820857e-01,4.740976265756312813e+00,1.349909721746657132e-01
2.296349923407207783e+01,1.911791261526350283e+01,-1.954284787949995605e+00,-3.087746348444085243e+00,-1.592573359526328336e-01,4.746575330189044095e+00,2.369358257516209210e-01
2.316318183610748704e+01,1.913976504107741761e+01,-2.161262236556383165e+00,-3.118671045689755061e+00,-1.538972981039841148e-01,4.756953146993258663e+00,3.425191010831087901e-01
2.336286443814289626e+01,1.915283038269594584e+01,-2.352511971701467530e+00,3.133189753794526577e+00,-1.471931716417471114e-01,4.770736000105365804e+00,4.748948970474797804e-01
2.356254704017830903e+01,1.915278213520953798e+01,-2.550629260520592023e+00,3.104030009754500163e+00,-1.430168026559083816e-01,4.790416659042863401e+00,5.430372883956163799e-01
2.376222964221371825e+01,1.913820241149203127e+01,-2.757346996320628296e+00,3.072924353420131816e+00,-1.402891040508590925e-01,4.813850886607291102e+00,5.740580952805884873e-01
2.396191224424912747e+01,1.910566626884017083e+01,-2.948901914418011749e+00,3.043905534527019618e+00,-1.417811704686083307e-01,4.836965738292624550e+00,5.078540551149591797e-01
2.416159484628453669e+01,1.907206811438804550e+01,-3.145931276632960572e+00,3.010353742796796350e+00,-1.442156344554856584e-01,4.857905995575430680e+00,4.216190931275917708e-01
2.436127744831994590e+01,1.903266257518367155e+01,-3.342157434312816644e+00,2.983444085122084033e+00,-1.481893900220913329e-01,4.875245580908778464e+00,3.028316920894739694e-01
2.456096005035535512e+01,1.899799922836137611e+01,-3.539029907325531799e+00,2.959895821824811257e+00,-1.497330302945527603e-01,4.887646882870055443e+00,2.480138561240147754e-01
2.476064265239076434e+01,1.895853181827068568e+01,-3.734356759816761517e+00,2.936428993596395198e+00,-1.520290707481554704e-01,4.897748221185163509e+00,1.781361317115338905e-01
2.496032525442617356e+01,1.892425794015492713e+01,-3.930372155767260622e+00,2.913889987557205963e+00,-1.522289895664055703e-01,4.904980326143646430e+00,1.625483145139919317e-01
2.516000785646158278e+01,1.888027296013184397e+01,-4.127146938849332258e+00,2.892795782170069607e+00,-1.526402953760569448e-01,4.911657714530290875e+00,1.426472813571618981e-01
2.535969045849699199e+01,1.883934322864575961e+01,-4.318190508079248424e+00,2.872115203400376071e+00,-1.525838744126142565e-01,4.917328748755881662e+00,1.355032979088356959e-01
2.555937306053240121e+01,1.879116118796605406e+01,-4.518922659702118594e+00,2.849004939454176544e+00,-1.534036519932748532e-01,4.923014009675496183e+00,1.070988215331679788e-01
2.575905566256781043e+01,1.873141465725684185e+01,-4.712196861072801113e+00,2.821871791703546073e+00,-1.519752817454026184e-01,4.927412986421136232e+00,1.351315360692360301e-01
2.595873826460321965e+01,1.865678664676808296e+01,-4.886054292113397146e+00,2.784024413107846208e+00,-1.502615256047765968e-01,4.932598896492250695e+00,1.690571618857159564e-01
2.615842086663862887e+01,1.858222702858547493e+01,-5.073978410142129469e+00,2.744600595048137137e+00,-1.452212807530431915e-01,4.939523260081745804e+00,2.817619398903614680e-01
2.635810346867403808e+01,1.850176966968888692e+01,-5.264319929170788726e+00,2.699367099662226099e+00,-1.412761940303265962e-01,4.951296896995795116e+00,3.615659335045878220e-01
2.655778607070944730e+01,1.842636824797419948e+01,-5.436666454994643516e+00,2.656261383329864056e+00,-1.375967360338237466e-01,4.965015175492863087e+00,4.330511659169478111e-01
2.675746867274485652e+01,1.833458370985416863e+01,-5.618942916588931524e+00,2.617656149880892347e+00,-1.348036502365226319e-01,4.982783443042808180e+00,4.780773341827669332e-01
2.695715127478026574e+01,1.822612406012153841e+01,-5.798893337534548387e+00,2.587489343898679905e+00,-1.325507713020952771e-01,5.002901879687055242e+00,5.073831373426112012e-01
2.715683387681567496e+01,1.811388507228635092e+01,-5.955135181710061509e+00,2.554922034366941208e+00,-1.299997535162802920e-01,5.022374480404088182e+00,5.458543125819933506e-01
2.735651647885108417e+01,1.799134678990570180e+01,-6.109093370102881337e+00,2.523822852367427760e+00,-1.289906959396438790e-01,5.043715081119406918e+00,5.435977118496085891e-01
2.755619908088649339e+01,1.787116447004822106e+01,-6.263303103436570041e+00,2.491389201919469887e+00,-1.275023340327645915e-01,5.064742851557675785e+00,5.543585588465154146e-01
2.775588168292190616e+01,1.774420881887238366e+01,-6.420754681648713103e+00,2.465987959340402824e+00,-1.259482632042794037e-01,5.086832831975019786e+00,5.659793336924564544e-01
2.795556428495731538e+01,1.761179007745070635e+01,-6.574896094685954040e+00,2.443813286155577913e+00,-1.210572264075435722e-01,5.109392680650427288e+00,6.646929321203702834e-01
2.815524688699272460e+01,1.748322313847179288e+01,-6.727251304455851511e+00,2.430390478563148715e+00,-1.168220709190616047e-01,5.135261478802827462e+00,7.442956285467742239e-01
2.835492948902813382e+01,1.735358357282828479e+01,-6.880237373882103213e+00,2.419236124529384302e+00,-1.138820791425882023e-01,5.164243747087890135e+00,7.878317434598046676e-01
2.855461209106354303e+01,1.721496366286502067e+01,-7.029518530505464824e+00,2.410382336168545248e+00,-1.134964957330241442e-01,5.195228759391557816e+00,7.616839701904736248e-01
2.875429469309895225e+01,1.708722386175065111e+01,-7.175384841604436126e+00,2.398070120734393740e+00,-1.132066201899391278e-01,5.223578468333498925e+00,7.360699709270467350e-01
2.895397729513436147e+01,1.695064710272068353e+01,-7.320035696308567097e+00,2.384528329249148815e+00,-1.148072310790712314e-01,5.251536858557160237e+00,6.587727762231446738e-01
2.915365989716977069e+01,1.680990604843792013e+01,-7.468536996554481000e+00,2.373622001248215430e+00,-1.154822095367208784e-01,5.277140101705302122e+00,6.090274485911213453e-01
2.935334249920517991e+01,1.667118246153934891e+01,-7.607159275804429299e+00,2.356971247328647934e+00,-1.159657440867027933e-01,5.299724921428937918e+00,5.678603765560571448e-01
2.955302510124058912e+01,1.653618662538824680e+01,-7.751407605235820952e+00,2.339804982949169165e+00,-1.147294922871890110e-01,5.320851581667702668e+00,5.768403899857421635e-01
2.975270770327599834e+01,1.639015190177757120e+01,-7.893244249747777275e+00,2.318878253334123674e+00,-1.163526919036686202e-01,5.342876091986703990e+00,5.035582499346900054e-01
2.995239030531140756e+01,1.623801449144728792e+01,-8.028812497402325832e+00,2.300563973822886688e+00,-1.178924965228229926e-01,5.362047259920075248e+00,4.354078952083986764e-01
3.015207290734681678e+01,1.609890677779590362e+01,-8.160678901193977097e+00,2.278053893122470086e+00,-1.214983264929188622e-01,5.377589175476524375e+00,3.114548564219529747e-01
3.035175550938222599e+01,1.594969096588195079e+01,-8.286312643868598116e+00,2.244561701894337347e+00,-1.224101490214904858e-01,5.388874778071651050e+00,2.702127765610633503e-01
3.055143811141763521e+01,1.578604867163767622e+01,-8.412346316460229900e+00,2.202995871532444028e+00,-1.231776908256762976e-01,5.399221867534659935e+00,2.341736253909671439e-01
3.075112071345304443e+01,1.562150025072129544e+01,-8.535605858173848759e+00,2.165548300137665194e+00,-1.230420158477678882e-01,5.408131506592484428e+00,2.262810989681934837e-01
3.095080331548845365e+01,1.546555331776342257e+01,-8.648450864745386824e+00,2.128989211211690602e+00,-1.218327004137241959e-01,5.416179586588337536e+00,2.510375732537603044e-01
3.115048591752386287e+01,1.530227673767252128e+01,-8.757215341260270236e+00,2.093726272585125336e+00,-1.224906313843884403e-01,5.425265102924404559e+00,2.196718251274170641e-01
3.135016851955927208e+01,1.511840147533949796e+01,-8.846901660365503517e+00,2.060696021843323678e+00,-1.209863008363976922e-01,5.433542416271650133e+00,2.530750797362114612e-01
3.154985112159468130e+01,1.493597593690054204e+01,-8.923544311431903964e+00,2.033199530917323195e+00,-1.206150526041194770e-01,5.442750769150842771e+00,2.519556548688399733e-01
3.174953372363009052e+01,1.475122077258720665e+01,-9.001915553598104580e+00,2.001315793877425975e+00,-1.180231188025434308e-01,5.452033194496718416e+00,3.168022187576376436e-01
3.194921632566550329e+01,1.456416714490613273e+01,-9.074021282375682063e+00,1.972991676833022900e+00,-1.171456316315150070e-01,5.463669531896111486e+00,3.280055342547612551e-01
3.214889892770091251e+01,1.438175666179686019e+01,-9.150545265518521987e+00,1.945168439022073592e+00,-1.140420448098645595e-01,5.475532072559359698e+00,4.058539671237854085e-01
3.234858152973632173e+01,1.419175753967709852e+01,-9.223747012436822601e+00,1.930372583086315430e+00,-1.092796105042160987e-01,5.490603389668361700e+00,5.305775703518610387e-01
3.254826413177173094e+01,1.400958260523811383e+01,-9.297817762701544808e+00,1.918453499832860842e+00,-1.013350394463943677e-01,5.509574369040286967e+00,7.489333578031008853e-01
3.274794673380714016e+01,1.382268305662752361e+01,-9.361712477636682905e+00,1.906683123051106321e+00,-9.563245198436529093e-02,5.536358704047217749e+00,8.937441134313709457e-01
3.294762933584254938e+01,1.363280028093245022e+01,-9.428073591943199716e+00,1.897970916616889880e+00,-8.926205729183732396e-02,5.568735208214022236e+00,1.056911138727958166e+00
3.314731193787795860e+01,1.343719142399391941e+01,-9.490010309946283584e+00,1.884437041252318146e+00,-8.292454945151782331e-02,5.607541943172808629e+00,1.217476795293372938e+00
3.334699453991336782e+01,1.324923998824630367e+01,-9.549555256729833630e+00,1.873794060095633540e+00,-7.708779666479606552e-02,5.650185628060246046e+00,1.364003109174517281e+00
3.354667714194877703e+01,1.306629488934723504e+01,-9.601071401571507735e+00,1.858110431976601973e+00,-7.161285435332295779e-02,5.695882954226847872e+00,1.501658248970172416e+00
3.374635974398418625e+01,1.286739254629848794e+01,-9.659589540428203946e+00,1.847534984077601194e+00,-6.551956215633612801e-02,5.750283986793520263e+00,1.658545493982830354e+00
3.394604234601959547e+01,1.267173460066772961e+01,-9.716258035299164320e+00,1.832725082997637145e+00,-5.869249803588699049e-02,5.808739501363303859e+00,1.844629742472694733e+00
3.414572494805500469e+01,1.248101529322038594e+01,-9.767044070084194729e+00,1.822609648141019889e+00,-5.351409735837692194e-02,5.871080524895448072e+00,1.980391190540914614e+00
3.434540755009041391e+01,1.229206322932775564e+01,-9.817636839945336646e+00,1.808136962396378777e+00,-4.967327076550264592e-02,5.936694995021104759e+00,2.074297985471794448e+00
3.454509015212582312e+01,1.210094178332745862e+01,-9.861802130527955512e+00,1.798298984452106453e+00,-4.548980633069174551e-02,6.004842042370328592e+00,2.184722742733502976e+00
3.474477275416123234e+01,1.189811113772467976e+01,-9.908342108948696492e+00,1.783625563112376966e+00,-4.081982321923671719e-02,6.080083566645483550e+00,2.315996606766902222e+00
3.494445535619664156e+01,1.170451578257676140e+01,-9.945023244768870896e+00,1.772507613950333294e+00,-3.790585623978473540e-02,6.154681389911143441e+00,2.389122260904723127e+00
3.514413795823205078e+01,1.150928980040651872e+01,-9.986009979946443238e+00,1.762554476443264129e+00,-3.333548653296597442e-02,6.231635188565528338e+00,2.530473813423020246e+00
3.534382056026746000e+01,1.131336480043972692e+01,-1.001784328156829140e+01,1.752834185379263054e+00,-2.992223940488682177e-02,6.311722910107124385e+00,2.632962431801182390e+00
3.554350316230286921e+01,1.111729474252917527e+01,-1.005228567662062034e+01,1.747202708988236708e+00,-2.460794976188436164e-02,6.394227507108995567e+00,2.818875787727924020e+00
3.574318576433827843e+01,1.091977583194056578e+01,-1.008047341671633923e+01,1.739653460765467230e+00,-2.107332867667439935e-02,6.481588551317263303e+00,2.939688596566718992e+00
3.594286836637368765e+01,1.071513627417548875e+01,-1.011636725244599511e+01,1.738594262277741720e+00,-1.706086182744482455e-02,6.575143401949676836e+00,3.087416107534915355e+00
3.614255096840909687e+01,1.052599652397512031e+01,-1.014659851906674781e+01,1.731451754900135143e+00,-1.189991260861861071e-02,6.664476077727886860e+00,3.296462508961075066e+00
3.634223357044450609e+01,1.032743107422152207e+01,-1.017927778282541063e+01,1.731994823925015581e+00,-6.781698585328651066e-03,6.763281692593112737e+00,3.514791684007303019e+00
3.654191617247991530e+01,1.012823253670487844e+01,-1.021345595187575483e+01,1.736783041948873674e+00,-4.631077342322339682e-03,6.867512216481339138e+00,3.606585777279865734e+00
3.674159877451532452e+01,9.935743284871310976e+00,-1.024288758255488752e+01,1.743662952750254291e+00,3.654487026989454608e-04,6.969025632823059979e+00,3.807251136544302916e+00
3.694128137655073374e+01,9.735798398849887292e+00,-1.027850570853415135e+01,1.746588116490082498e+00,5.118860536545117614e-03,7.079107811967401354e+00,3.568474613649652571e+00
3.714096397858614296e+01,9.538650450247315504e+00,-1.030535608626277266e+01,1.751306707431938392e+00,9.504451617868739377e-03,7.178704045511674181e+00,3.335199569407767850e+00
3.734064658062155218e+01,9.344420478693653109e+00,-1.033801215447257427e+01,1.754295047633748439e+00,1.618984195497280565e-02,7.269633243397455757e+00,9.255536078595302252e-01
3.754032918265696139e+01,9.143267748381664006e+00,-1.038299067570786072e+01,1.759834843192408016e+00,2.164526218480547839e-02,7.295828799044492996e+00,-2.386227987934886663e+00
3.774001178469237061e+01,8.946412013000026420e+00,-1.042504124428820411e+01,1.763375442003486171e+00,2.752659317080157625e-02,7.229691376744365350e+00,-2.194158157715599966e+00
3.793969438672777983e+01,8.760305864685420829e+00,-1.046359453894419822e+01,1.764589937344221759e+00,3.170721706006975060e-02,7.171778367716894032e+00,-2.001315426940529107e+00
3.813937698876318905e+01,8.565571656827147606e+00,-1.050436989940317645e+01,1.775085537867361118e+00,3.601411392652600213e-02,7.116041875997919597e+00,-1.798860654351611243e+00
3.833905959079859826e+01,8.362594184358316696e+00,-1.054392482748371940e+01,1.781053218001613203e+00,4.060882986501169328e-02,7.063572666427081259e+00,-1.658167046345168982e+00
3.853874219283401459e+01,8.168494246258052982e+00,-1.058839891312054959e+01,1.779804072973263374e+00,4.401119450870968897e-02,7.016671392321285339e+00,-1.557228806487703565e+00
3.873842479486942381e+01,7.973031888553236080e+00,-1.062560782490811562e+01,1.785085038069684771e+00,4.664853414731119641e-02,6.972373065315911056e+00,-1.470350058852940789e+00
3.893810739690483302e+01,7.780854436004442931e+00,-1.066217646789080575e+01,1.792950561778207330e+00,4.901567855682999186e-02,6.930996281877741083e+00,-1.368824475024590370e+00
3.913778999894024224e+01,7.581083832001389133e+00,-1.071092358222616170e+01,1.800511949042777893e+00,5.173535885649944294e-02,6.890265659466807691e+00,-1.326830228353410135e+00
3.933747260097565146e+01,7.385650898200291081e+00,-1.075603517014174493e+01,1.817490780741483292e+00,5.321650875785954860e-02,6.851533488123267013e+00,-1.248889991624498874e+00
3.953715520301106068e+01,7.200828603526415961e+00,-1.079499237496269082e+01,1.833646354484248953e+00,5.543392630202616939e-02,6.817017084181657083e+00,-1.053071912544295108e+00
3.973683780504646990e+01,6.998551824589889669e+00,-1.084895429133803191e+01,1.849585095755783115e+00,6.021898715080358649e-02,6.784600128176967004e+00,-8.780984574752881411e-01
3.993652040708187911e+01,6.803914010865466544e+00,-1.090550917117765728e+01,1.865221854394866874e+00,6.451914424489138544e-02,6.758316303575298001e+00,-7.795731629894783188e-01
4.013620300911728833e+01,6.624569133857522552e+00,-1.095826055613053995e+01,1.875279594477103018e+00,6.710446749986896664e-02,6.736717999226184084e+00,-6.853637423637065629e-01
4.033588561115269755e+01,6.431179817570134460e+00,-1.103030095560098012e+01,1.894172360186191284e+00,6.961423806088368194e-02,6.715689848800604267e+00,-4.932334676558255415e-01
4.053556821318810677e+01,6.245830672016890794e+00,-1.110574073409032003e+01,1.912548438712587284e+00,7.419905686469388528e-02,6.700976396276830727e+00,-4.123103602058537653e-01
4.073525081522351599e+01,6.058027905764719279e+00,-1.117376507020353849e+01,1.929960966343709394e+00,7.628104110765523971e-02,6.688674951385774392e+00,-2.955459185852541415e-01
4.093493341725892520e+01,5.870699938416247932e+00,-1.124140945071009590e+01,1.942339681185263345e+00,7.909912457944839881e-02,6.679868753532643311e+00,-2.671763274475139061e-01
4.113461601929433442e+01,5.680204459390606253e+00,-1.130828513524742718e+01,1.957919728905967993e+00,7.992816718795948960e-02,6.671788693436019102e+00,-2.643465586755202046e-01
4.133429862132974364e+01,5.500034668922214820e+00,-1.138798135088898000e+01,1.966823266433939565e+00,7.815602159554990713e-02,6.663978311882164718e+00,-3.507424201879037473e-01
4.153398122336515286e+01,5.314980434898171957e+00,-1.146580640099115556e+01,1.981218656092962327e+00,7.599376084180294033e-02,6.653403766760300542e+00,-4.560439319037044026e-01
4.173366382540056208e+01,5.134617951727892482e+00,-1.154876721568446740e+01,2.003869122927673274e+00,7.274749331007286657e-02,6.639782170083772250e+00,-6.133854550847922527e-01
4.193334642743597129e+01,4.947030654922256687e+00,-1.162902475603000063e+01,2.022256949422578387e+00,6.986934385758718224e-02,6.620906517022919324e+00,-7.610906239826955577e-01
4.213302902947138051e+01,4.770667265120017930e+00,-1.171408936212073471e+01,2.043077431438849345e+00,6.945880590900790907e-02,6.598359699138560686e+00,-7.959242606522841657e-01
4.233271163150678973e+01,4.593924406901378710e+00,-1.179849012139370501e+01,2.059068261895807161e+00,6.586237871501675334e-02,6.574691604722837646e+00,-9.733090881987205290e-01
4.253239423354219895e+01,4.413630406513658677e+00,-1.190299227595414244e+01,2.076129287839570736e+00,6.260899175179651666e-02,6.543769008671660004e+00,-1.140092105658363497e+00
4.273207683557760816e+01,4.247828313781422338e+00,-1.201070250848732712e+01,2.089724973556617016e+00,5.961798845740234193e-02,6.509230578018193825e+00,-1.296033676453073102e+00
4.293175943761301738e+01,4.083360749024699921e+00,-1.210801477353161282e+01,2.108844942073152318e+00,5.730478489872440490e-02,6.471069334304196730e+00,-1.422129776883382268e+00
4.313144203964842660e+01,3.908383488004467221e+00,-1.221340026047853300e+01,2.119717237043037272e+00,5.483046902978818554e-02,6.426022326797094841e+00,-1.560115711747187772e+00
4.333112464168383582e+01,3.739615692436242256e+00,-1.232306395087284479e+01,2.129618735880184133e+00,5.488412608820042449e-02,6.376971153306964624e+00,-1.588748223299011331e+00
4.353080724371924504e+01,3.571513466084914601e+00,-1.243037488660115208e+01,2.137138992551204986e+00,5.090123150517165268e-02,6.327089351803754091e+00,-1.781114343556989832e+00
4.373048984575465425e+01,3.402799014865947935e+00,-1.253787850840650542e+01,2.140113270869960616e+00,4.423347355576383311e-02,6.270520045468915171e+00,-2.081500496679736578e+00
4.393017244779006347e+01,3.233570147330352640e+00,-1.265158401021174939e+01,2.144255702074661762e+00,3.917380755437382261e-02,6.202472569270915947e+00,-2.312186901004706030e+00
4.412985504982547269e+01,3.068147395584522208e+00,-1.275538707919712600e+01,2.152673896440766121e+00,3.023001702941947519e-02,6.129237579682812687e+00,-2.685075512493574124e+00
4.432953765186088191e+01,2.902722187063844217e+00,-1.285601626009664322e+01,2.157203783347313220e+00,2.125268520522229782e-02,6.043818551730093525e+00,-3.045255973283648832e+00
4.452922025389629113e+01,2.731204473393971544e+00,-1.297271347787199325e+01,2.162586966388831300e+00,1.107638219419033662e-02,5.938371019105598947e+00,-3.432828994926433896e+00
4.472890285593170034e+01,2.566395752642487427e+00,-1.308682824273989986e+01,2.168054467609531244e+00,1.135229487415577269e-03,5.821336837345751469e+00,-3.420935211926038555e+00
4.492858545796710956e+01,2.402496975230998810e+00,-1.319361752572047131e+01,2.171195052338397602e+00,-1.241383131169592965e-02,5.705222458403376606e+00,-3.021807822405094157e+00
4.512826806000251878e+01,2.239397921830525107e+00,-1.331135120301790487e+01,2.176893543439768486e+00,-2.563335220718575627e-02,5.597666658846745413e+00,-2.658317953143420898e+00
4.532795066203792800e+01,2.077218216484551849e+00,-1.342750266852229757e+01,2.186011368588566484e+00,-3.853832490310609565e-02,5.502117244877508639e+00,-2.381780301809714118e+00
4.552763326407333722e+01,1.914942106582202763e+00,-1.354384289305371425e+01,2.184500463168150830e+00,-4.921943918028662962e-02,5.414992924012884679e+00,-2.152202706902844209e+00
4.572731586610874643e+01,1.752658648413430109e+00,-1.366017059976513792e+01,2.180522224861261016e+00,-5.877158457651984053e-02,5.335043421264910712e+00,-1.882503888800932668e+00
4.592699846814415565e+01,1.590312947409865618e+00,-1.377675888329669718e+01,2.178703505904413085e+00,-7.010048279959767148e-02,5.264044772937378269e+00,-1.640077996190586918e+00
4.612668107017956487e+01,1.428322583667616330e+00,-1.389199129369348462e+01,2.163805600639033599e+00,-8.074930862111380503e-02,5.201739065235717163e+00,-1.484573979757734419e+00
4.632636367221497409e+01,1.265081863536956064e+00,-1.401335281591760662e+01,2.143944091536171825e+00,-8.847109783726353482e-02,5.143357958987960998e+00,-1.322458138394516425e+00
4.652604627425038331e+01,1.101538572254494808e+00,-1.412072634124767490e+01,2.120364504193062771e+00,-9.648660511749131141e-02,5.092806346230242198e+00,-1.182691970129579273e+00
4.672572887628579252e+01,9.355284456518115910e-01,-1.422600690340306961e+01,2.094258685115706342e+00,-1.037350835892013462e-01,5.046948715385505935e+00,-1.088248503332517769e+00
4.692541147832120885e+01,7.608657084807203264e-01,-1.433587813699344515e+01,2.059268419322190624e+00,-1.093712782645595571e-01,5.002257432423306227e+00,-9.231467135082471742e-01
4.712509408035661806e+01,5.825963638975059089e-01,-1.442790755425024507e+01,2.017346547690618053e+00,-1.177118733052716359e-01,4.965095314751948763e+00,-7.028912077171851625e-01
4.732477668239202728e+01,4.095232813956061202e-01,-1.450386389760251937e+01,1.975710075985419145e+00,-1.280262766914105621e-01,4.938265760689674266e+00,-5.210185195089573895e-01
4.752445928442743650e+01,2.154121854796239022e-01,-1.458482404976589386e+01,1.940573678826340576e+00,-1.367128380938711085e-01,4.916025790270880158e+00,-3.773321946218831657e-01
4.772414188646284572e+01,2.634596270673525420e-02,-1.465654371978792447e+01,1.905400012190288095e+00,-1.435648482482485833e-01,4.900480310441648335e+00,-2.313720205524876505e-01
4.792382448849825494e+01,-1.531609284751399847e-01,-1.470328822172498384e+01,1.864298765887419052e+00,-1.501795854820319742e-01,4.891714560732788541e+00,-1.802090967112596476e-01
4.812350709053366415e+01,-3.582070182366797195e-01,-1.474739483225613235e+01,1.830189255280279426e+00,-1.528004165220478994e-01,4.883981837143918980e+00,-1.252987046491000900e-01
4.832318969256907337e+01,-5.492748503592960185e-01,-1.479098143283971112e+01,1.803881002925831645e+00,-1.554224194419360772e-01,4.878951468679279202e+00,-8.397934801949301364e-02
4.852287229460448259e+01,-7.478799552353873059e-01,-1.483757398448630838e+01,1.777253038960356690e+00,-1.573847584650563125e-01,4.875438886058345744e+00,-5.315782137800298401e-02
4.872255489663989181e+01,-9.414101512689256879e-01,-1.487857497019607145e+01,1.753772639340482442e+00,-1.588219483031282631e-01,4.873281477869582545e+00,-5.078998363089641532e-02
4.892223749867530103e+01,-1.133849582959123525e+00,-1.490852007102085253e+01,1.734404223702275871e+00,-1.574411219185922473e-01,4.871251289053054379e+00,-8.197890146982976523e-02
4.912192010071071024e+01,-1.336495618950570119e+00,-1.493718009150187775e+01,1.706793280398586354e+00,-1.533223845313468614e-01,4.867805776498026482e+00,-1.871313172137007430e-01
4.932160270274611946e+01,-1.531798350578757351e+00,-1.496473270593389060e+01,1.674718967415643078e+00,-1.506363947233039791e-01,4.860217563279844555e+00,-2.636163212024602021e-01
4.952128530478152868e+01,-1.734117970601908976e+00,-1.499313552889720036e+01,1.638516958323553929e+00,-1.493204477947205899e-01,4.849123554930700131e+00,-3.120619687076489623e-01
4.972096790681693790e+01,-1.927784168171651435e+00,-1.501814782329232578e+01,1.607174175680681216e+00,-1.488440513188025727e-01,4.836540461151945358e+00,-3.385731261474889675e-01
4.992065050885234712e+01,-2.128996219323753269e+00,-1.502946601115940339e+01,1.578938497871385849e+00,-1.465855847395280409e-01,4.822412079460349332e+00,-4.157717531503155040e-01
5.012033311088775633e+01,-2.325790659703217411e+00,-1.501664218911185600e+01,1.553573905374695308e+00,-1.474261837570816636e-01,4.805379075094566410e+00,-3.538397524789737014e-01
5.032001571292316555e+01,-2.524502615355788571e+00,-1.499699449373106930e+01,1.523241028960079291e+00,-1.512464535141873068e-01,4.790653186637916505e+00,-2.615295178770338236e-01
5.051969831495857477e+01,-2.724178966240821786e+00,-1.497161517232283856e+01,1.491824542372724771e+00,-1.559841871337876162e-01,4.779652202935715799e+00,-1.832193662505418597e-01
5.071938091699398399e+01,-2.921661536594660991e+00,-1.495064404947367898e+01,1.459979087165667266e+00,-1.599214900527796690e-01,4.772033427991575039e+00,-8.039036485288708622e-02
5.091906351902939321e+01,-3.123583111991556471e+00,-1.492472117982967639e+01,1.430503361480618629e+00,-1.646737114710384864e-01,4.768602677285280755e+00,0.000000000000000000e+00
5.111874612106480242e+01,-3.315015544987597540e+00,-1.490310181814144563e+01,1.405030293820759724e+00,-1.682089744321179914e-01,4.768602677285280755e+00,0.000000000000000000e+00
5.131842872310021164e+01,-3.512319690495952162e+00,-1.487047736000997489e+01,1.374120730793772616e+00,-1.669553139532047314e-01,4.768602677285280755e+00,2.850770208921135293e-02
5.151811132513562086e+01,-3.721697600294924690e+00,-1.483584570125212565e+01,1.344239767771494787e+00,-1.647600233330276942e-01,4.769871219961382636e+00,7.643408020620662269e-02
5.171779392717103008e+01,-3.911286059600510789e+00,-1.479743740313972467e+01,1.310968662893678527e+00,-1.643640572117115173e-01,4.772969961280627338e+00,8.058259525558263137e-02
5.191747652920643930e+01,-4.094997717236166679e+00,-1.475182592180575192e+01,1.278886946254000456e+00,-1.635533944825721675e-01,4.776164682293554620e+00,9.406100512622043996e-02
5.211715913124184851e+01,-4.295479657169856580e+00,-1.468711078458142971e+01,1.241420375664990416e+00,-1.630870464818910959e-01,4.780311745358851283e+00,9.823586533233721885e-02
5.231684173327725773e+01,-4.475819311511457066e+00,-1.460819201697656844e+01,1.199855295199022009e+00,-1.600539393591101922e-01,4.784355354960034390e+00,1.613563390350409299e-01
5.251652433531266695e+01,-4.652834633174279588e+00,-1.452703293762841419e+01,1.154306471695298431e+00,-1.550862231346498421e-01,4.790918408993466215e+00,2.653215528285082225e-01
5.271620693734807617e+01,-4.842540860215072129e+00,-1.444000321757394900e+01,1.115101854238105261e+00,-1.518603951192900314e-01,4.802463246462404634e+00,3.225445070478400456e-01
5.291588953938348538e+01,-5.014938619222399474e+00,-1.435638135964939899e+01,1.076754719834972285e+00,-1.475191363063884376e-01,4.815314881742403408e+00,4.044358135142262500e-01
5.311557214141889460e+01,-5.194157243079225772e+00,-1.426075903557518920e+01,1.035025166392327556e+00,-1.439596118678906911e-01,4.832345785206999977e+00,4.633176526796561889e-01
5.331525474345430382e+01,-5.360999956655938981e+00,-1.415144027753818357e+01,1.007957537139351434e+00,-1.399272923813776326e-01,4.851432669557792288e+00,5.316154229030376488e-01
5.351493734548971304e+01,-5.517647621908540856e+00,-1.404137316590198381e+01,9.805227549124797548e-01,-1.370871718780983517e-01,4.872366461000614102e+00,5.705567180938873051e-01
5.371461994752512226e+01,-5.691871451399534543e+00,-1.392477651312801079e+01,9.507613231780527308e-01,-1.349420638326630784e-01,4.896853825323632670e+00,5.892003144444634133e-01
5.391430254956053147e+01,-5.853095820934195892e+00,-1.380493037576066584e+01,9.257631502313108385e-01,-1.332476706090972296e-01,4.920965872797419038e+00,5.982870509042741425e-01
5.411398515159594069e+01,-6.000545129100855135e+00,-1.367482058399084188e+01,9.022609893792203906e-01,-1.298302070542180220e-01,4.944816201041636106e+00,6.504946984380526320e-01
5.431366775363134991e+01,-6.152685802625946110e+00,-1.355023813804793242e+01,8.840412874151848399e-01,-1.245751986181095616e-01,4.970617139340995472e+00,7.471162392636641059e-01
5.451335035566675913e+01,-6.305660813889159222e+00,-1.341971884173207030e+01,8.724641308653056093e-01,-1.191583720555887960e-01,5.000750735793712209e+00,8.451460669018847627e-01
5.471303295770216835e+01,-6.457041872430457019e+00,-1.328731108523636983e+01,8.535015102947633991e-01,-1.158908216248279582e-01,5.034625543924405200e+00,8.874626872484004947e-01
5.491271555973757756e+01,-6.609167662885925942e+00,-1.315688882909099533e+01,8.413632617271016301e-01,-1.127975533575825834e-01,5.069823887810968266e+00,9.257515985439666029e-01
5.511239816177298678e+01,-6.759998395392474713e+00,-1.302394345960900068e+01,8.301056961049999572e-01,-1.087480026097644575e-01,5.106405200102898334e+00,-3.660886909856465171e-02
5.531208076380839600e+01,-6.902940547889325096e+00,-1.288721044041724006e+01,8.152998140241130010e-01,-1.078161775081516033e-01,5.104986870141434707e+00,-1.011341166603013875e+00
5.551176336584381232e+01,-7.047936726040600952e+00,-1.275678521435088442e+01,7.967613040456127393e-01,-1.060357413150117417e-01,5.066203503730128510e+00,-1.097614323937205816e+00
5.571144596787922154e+01,-7.193674703525211989e+00,-1.261476393426617193e+01,7.720570142909886080e-01,-1.027901703928298521e-01,5.021922260812277550e+00,-1.229166011377093692e+00
5.591112856991463076e+01,-7.339809375087011034e+00,-1.247596149085764239e+01,7.467421146063664139e-01,-1.015784697697543759e-01,4.972346741646612500e+00,-1.313269594887379377e+00
5.611081117195003998e+01,-7.474879624072368500e+00,-1.232675286531874193e+01,7.229237043173455390e-01,-1.035255955184176957e-01,4.918902764983568154e+00,-1.307359255213488058e+00
5.631049377398544920e+01,-7.602269891655319967e+00,-1.218485141803763128e+01,7.023452990161804799e-01,-1.062430489578357062e-01,4.867955689857050849e+00,-1.263819144183755183e+00
5.651017637602085841e+01,-7.735578404294692234e+00,-1.202193421238559523e+01,6.784293959680303132e-01,-1.105629664936752243e-01,4.812993577284153446e+00,-1.250904881233852128e+00
5.670985897805626763e+01,-7.848599924908195469e+00,-1.185811874840103997e+01,6.522742379567620929e-01,-1.135613778848790223e-01,4.760986706483627984e+00,-1.151601393800453454e+00
5.690954158009167685e+01,-7.954500688904302841e+00,-1.170330688565019095e+01,6.262805406815714626e-01,-1.202338693082174448e-01,4.715398997792557445e+00,-1.064162284681512194e+00
5.710922418212708607e+01,-8.072601295563417878e+00,-1.153615996130488597e+01,6.007234838469019955e-01,-1.266473936937709821e-01,4.668983199327636058e+00,-9.770911623339229024e-01
5.730890678416249528e+01,-8.188904489320878000e+00,-1.136770719899726245e+01,5.773772398125651684e-01,-1.330837093727412213e-01,4.625946364473205286e+00,-9.229114130622881884e-01
5.750858938619790450e+01,-8.300978520486015810e+00,-1.120227199906709181e+01,5.570529002217772252e-01,-1.379940042724615012e-01,4.585906798205754420e+00,-9.083722541684283724e-01
5.770827198823331372e+01,-8.401698382902679896e+00,-1.103316534769679436e+01,5.402531494239850574e-01,-1.410842299744687889e-01,4.546751988140607992e+00,-9.079781535366385770e-01
5.790795459026872294e+01,-8.503680309389229919e+00,-1.086714579952011306e+01,5.200940871433159529e-01,-1.432075694794813503e-01,4.507674775845353921e+00,-9.138772370925181132e-01
5.810763719230413216e+01,-8.599511019581028037e+00,-1.068543308331442176e+01,4.888157835715607469e-01,-1.448857672489391180e-01,4.465831320358276457e+00,-9.337320123328597399e-01
5.830731979433954137e+01,-8.693500101040374517e+00,-1.050971148833261992e+01,4.597435181336639864e-01,-1.462091655963687342e-01,4.423969197050819702e+00,-9.452678219824889316e-01
5.850700239637495059e+01,-8.787902195503606961e+00,-1.033240847937061879e+01,4.309141141010881526e-01,-1.500504898518665031e-01,4.380839485129896183e+00,-9.273237180015323489e-01
5.870668499841035981e+01,-8.870293731083433997e+00,-1.015465349032704090e+01,3.999768817591822234e-01,-1.538993173494963007e-01,4.339169211098732326e+00,-9.100861292098282318e-01
5.890636760044576903e+01,-8.945261630678196241e+00,-9.973284478324671909e+00,3.611910242020970330e-01,-1.578087802982635623e-01,4.297810690601775896e+00,-8.784013578523142129e-01
5.910605020248117825e+01,-9.007601098056507993e+00,-9.778205274271369873e+00,3.243200738294977903e-01,-1.626931473160406205e-01,4.255747589575144652e+00,-7.884674081497713427e-01
5.930573280451658746e+01,-9.072766789088582584e+00,-9.582593338945148531e+00,2.838097865026492084e-01,-1.707235634610951291e-01,4.217375200322200257e+00,-6.641326969656861090e-01
5.950541540655199668e+01,-9.129118119506246742e+00,-9.400902858422686137e+00,2.456612672774030059e-01,-1.802750710286327163e-01,4.187311735910822286e+00,-5.277619172351700749e-01
5.970509800858740590e+01,-9.170210508929656612e+00,-9.215346072536682698e+00,2.086156913417085423e-01,-1.902292092402033397e-01,4.163288935691130455e+00,-3.939493269652122320e-01
5.990478061062281512e+01,-9.209014067711727591e+00,-9.000013947974267126e+00,1.748209125097766048e-01,-1.999378947501538606e-01,4.142533304198257937e+00,-2.820522972160625641e-01
6.010446321265822434e+01,-9.231790312394366538e+00,-8.804717500003382824e+00,1.443003642740487980e-01,-2.078015670276336657e-01,4.129124347860274824e+00,-1.661913758093208904e-01
6.030414581469363355e+01,-9.247583927041198137e+00,-8.610106305160627471e+00,1.184367664620016303e-01,-2.154170273950370695e-01,4.121258280355138304e+00,-8.245601376907332747e-02
6.050382841672904277e+01,-9.269385747275890708e+00,-8.412046324527503671e+00,7.917995096186092319e-02,-2.207741767588105863e-01,4.117269732729552878e+00,-3.086558877319657904e-02
6.070351101876445199e+01,-9.280858956137118199e+00,-8.215241034057463310e+00,3.765391516034966024e-02,-2.239783090565477253e-01,4.115791588817421243e+00,-5.372253598986463305e-03
6.090319362079986121e+01,-9.291508524926479495e+00,-8.012922252393424927e+00,-3.952816798258318443e-03,-2.255122307829676986e-01,4.115527132403235200e+00,0.000000000000000000e+00
6.110287622283527043e+01,-9.294828731686896717e+00,-7.801555708271720846e+00,-4.901633594104093383e-02,-2.258294106166782722e-01,4.115527132403235200e+00,0.000000000000000000e+00
6.130255882487067964e+01,-9.306770299808796665e+00,-7.616072723535125988e+00,-1.044332678008106363e-01,-2.205212796511636930e-01,4.115527132403235200e+00,8.990680570636337687e-02
6.150224142690608886e+01,-9.286513808314825980e+00,-7.417236280755483691e+00,-1.629030050805346796e-01,-2.172517856296764527e-01,4.119891034013318354e+00,1.374763534027440004e-01
6.170192402894149808e+01,-9.245818041894334982e+00,-7.208335733554508629e+00,-2.194561202604572436e-01,-2.139229238110508802e-01,4.126986752428091876e+00,1.814605570556613312e-01
6.190160663097690730e+01,-9.201219295509449836e+00,-7.028070394071168181e+00,-2.783882942405342398e-01,-2.100197748584471114e-01,4.135143800759869315e+00,2.337848683814452155e-01
6.210128923301231652e+01,-9.135075462779180810e+00,-6.833183324444573437e+00,-3.410713686507069742e-01,-2.066903592696799352e-01,4.146762925341812789e+00,2.708264202714044666e-01
6.230097183504772573e+01,-9.043311884474187323e+00,-6.661216947913628061e+00,-4.005571329258166280e-01,-2.051316105804025236e-01,4.159473595888342423e+00,2.759727543629177382e-01
6.250065443708313495e+01,-8.952160693042239714e+00,-6.481977761230881541e+00,-4.507811274474051721e-01,-1.990441364298692062e-01,4.172793863120996427e+00,3.592019710792485609e-01
6.270033703911854417e+01,-8.854755207741909828e+00,-6.304876640341161576e+00,-4.945145492788680652e-01,-1.920783759022308412e-01,4.190156641439869212e+00,4.526006874182740281e-01
6.290001964115395339e+01,-8.754978205080403697e+00,-6.135696047778078643e+00,-5.394263564689569801e-01,-1.829025622356583169e-01,4.211318646842069136e+00,5.811856103216479497e-01
6.309970224318936260e+01,-8.645214250869567962e+00,-5.971360684776350958e+00,-5.775640127317258621e-01,-1.731166827387465579e-01,4.238503772600778596e+00,7.149736427555211105e-01
6.329938484522477182e+01,-8.537314571053691736e+00,-5.798961957583289362e+00,-5.968754719958009325e-01,-1.623055671110199827e-01,4.272673372105320055e+00,8.619921323167579752e-01
6.349906744726018104e+01,-8.424104262581892044e+00,-5.635467684599373861e+00,-6.219667697500513848e-01,-1.498181639167369406e-01,4.312606684455682959e+00,1.038595430067762670e+00
6.369875004929559026e+01,-8.312413820424891853e+00,-5.477248464038706466e+00,-6.457180298905562665e-01,-1.380168897047517884e-01,4.358998280581916518e+00,1.202559571587046072e+00
6.389843265133100658e+01,-8.179437914059420223e+00,-5.321261470040582253e+00,-6.639249899427356327e-01,-1.254002392300302970e-01,4.415184484866264469e+00,1.380466040445066156e+00
6.409811525336641580e+01,-8.047759856427477487e+00,-5.164734123269675514e+00,-6.811490108180177083e-01,-1.122357289821770132e-01,4.478682553982419989e+00,1.573708696279643826e+00
6.429779785540182502e+01,-7.923485348894467428e+00,-5.013346066729429396e+00,-7.007875087461808983e-01,-1.004592471124856196e-01,4.546983779975859008e+00,1.747998888171427678e+00
6.449748045743723424e+01,-7.788326987014709601e+00,-4.858512342459462729e+00,-7.157330706822858657e-01,-9.116579936371617399e-02,4.625319743149858276e+00,1.874636929496524829e+00
6.469716305947264345e+01,-7.657048828347794434e+00,-4.715288688492536906e+00,-7.294402827375096043e-01,-8.465382775531488102e-02,4.703404445440194870e+00,1.952286889949936599e+00
6.489684566150805267e+01,-7.529157716512052900e+00,-4.568978753734157294e+00,-7.344020077214521436e-01,-7.791881982684518981e-02,4.783385305450631009e+00,2.042157016803532787e+00
6.509652826354346189e+01,-7.387576142844272553e+00,-4.419800491619098715e+00,-7.403841292412686181e-01,-7.359484766278147350e-02,4.870399302289457388e+00,2.079272120334516138e+00
6.529621086557887111e+01,-7.251987191902330210e+00,-4.275404202760314298e+00,-7.526252271120359438e-01,-7.175801228126962861e-02,4.954240905233803005e+00,2.063735256084919811e+00
6.549589346761428033e+01,-7.114695600659931785e+00,-4.129615733695000124e+00,-7.612246211417654784e-01,-6.947610881875898592e-02,5.036969511151610845e+00,2.062317345626259790e+00
6.569557606964968954e+01,-6.978196416682250991e+00,-3.984685088882962578e+00,-7.706475534820366180e-01,-6.634923189460290027e-02,5.117835120330957110e+00,2.087165238639521192e+00
6.589525867168509876e+01,-6.840667093769166485e+00,-3.838477331444998253e+00,-7.791932155468401788e-01,-6.517609448442877873e-02,5.199051257263995751e+00,2.063281434075727283e+00
6.609494127372050798e+01,-6.703758617196949210e+00,-3.693942032137718545e+00,-7.893018167407497288e-01,-6.351960192147569628e-02,5.277467768166041573e+00,2.055873260033247441e+00
6.629462387575591720e+01,-6.561791651642405299e+00,-3.559340587781341547e+00,-8.017564101646033059e-01,-6.038820591406932753e-02,5.353135368476389822e+00,2.094512052310438577e+00
6.649430647779132642e+01,-6.415378318337640273e+00,-3.417527684585177195e+00,-8.148656081191038014e-01,-6.021630307258772630e-02,5.432303222956637256e+00,2.048021815629857745e+00
6.669398907982673563e+01,-6.266140492487338953e+00,-3.282729463177525897e+00,-8.325924812476410697e-01,-5.893693646616433857e-02,5.507598905818132273e+00,2.037227850157643960e+00
6.689367168186214485e+01,-6.125349493686560010e+00,-3.147640418869471990e+00,-8.506070102800111776e-01,-5.978593292720569413e-02,5.579305209550277311e+00,1.963944820983386963e+00
6.709335428389755407e+01,-5.974093084282519506e+00,-3.017310073172723595e+00,-8.714762262858015696e-01,-6.067492407801580723e-02,5.649149745956324686e+00,1.888687649080588171e+00
6.729303688593296329e+01,-5.815607143651767785e+00,-2.885265175688958461e+00,-8.834520041800568713e-01,-6.100007714498022898e-02,5.717701466713914549e+00,1.830778764157604321e+00
6.749271948796837250e+01,-5.661548719997282042e+00,-2.759681914372457356e+00,-8.994301735145525667e-01,-6.294473323741341109e-02,5.780992795196646661e+00,1.721394713465127957e+00
6.769240209000378172e+01,-5.505340165519450046e+00,-2.644678621830405696e+00,-9.106937752458581503e-01,-6.478065346707161110e-02,5.838467078618458039e+00,1.616776659506834468e+00
6.789208469203919094e+01,-5.342773504800870654e+00,-2.524221147517316854e+00,-9.242156326858640414e-01,-6.707869566900197256e-02,5.894229942388781396e+00,1.494555536147389674e+00
6.809176729407460016e+01,-5.177139917537068925e+00,-2.409862143446803273e+00,-9.348241986566906414e-01,-6.853766950193566909e-02,5.945047198524759047e+00,1.402632970512457389e+00
6.829144989611000938e+01,-5.018882998052694333e+00,-2.292795898743359206e+00,-9.419569905296099055e-01,-6.990488930072760732e-02,5.991310509610758395e+00,1.315707961213201882e+00
6.849113249814541859e+01,-4.853590690841470767e+00,-2.176718294780327856e+00,-9.562160323320283428e-01,-7.098539243387159969e-02,6.035502683550457270e+00,1.239194336422894116e+00
6.869081510018082781e+01,-4.692284576198089141e+00,-2.060993514180331498e+00,-9.648138993286954346e-01,-7.127375269224221765e-02,6.076126476278244759e+00,1.193622018825848397e+00
6.889049770221623703e+01,-4.529828228125649225e+00,-1.943304259548056745e+00,-9.731662207618297922e-01,-7.134954089468428795e-02,6.115407490995381501e+00,1.156654973197616565e+00
6.909018030425164625e+01,-4.363878068811376743e+00,-1.828485423535991972e+00,-9.826986636052505997e-01,-7.127799992845156030e-02,6.153456940902247041e+00,1.126056228752031707e+00
6.928986290628705547e+01,-4.206893114476417672e+00,-1.715185447386410100e+00,-9.962383096854429132e-01,-7.412613576748376676e-02,6.188783601112587185e+00,9.858917264700839400e-01
6.948954550832246468e+01,-4.032920578322200633e+00,-1.610263732386549851e+00,-1.012603983487193826e+00,-7.472982678174555637e-02,6.221063812322626951e+00,9.328335234937810139e-01
6.968922811035787390e+01,-3.862788266514519009e+00,-1.506463301374185049e+00,-1.029358942399216881e+00,-7.804889690637384358e-02,6.250876572140819043e+00,7.753597110155551198e-01
6.988891071239328312e+01,-3.691283820356131784e+00,-1.400112684650089090e+00,-1.047082185393393150e+00,-8.020137952593577035e-02,6.275858259903371206e+00,6.661566341924873846e-01
7.008859331442869234e+01,-3.517970307410764441e+00,-1.303521237712284231e+00,-1.063017420412538216e+00,-8.283954807403852427e-02,6.296883703436888524e+00,5.403502552081604904e-01
7.028827591646410156e+01,-3.346750478676119300e+00,-1.210227082021894773e+00,-1.080932213975933864e+00,-8.775766371155165058e-02,6.313593841828466502e+00,3.268507664507172006e-01
7.048795851849951077e+01,-3.163924161445561101e+00,-1.121632729938263351e+00,-1.098356565473106450e+00,-8.943930803605026902e-02,6.324102616520122844e+00,2.479398165972280521e-01
7.068764112053491999e+01,-2.980234170937828608e+00,-1.031391792127447804e+00,-1.117235049135944625e+00,-9.227024599111630088e-02,6.332121310862705243e+00,1.253543343350730366e-01
7.088732372257032921e+01,-2.801252036874174678e+00,-9.450444210608498485e-01,-1.135552249877659126e+00,-9.411878010204924316e-02,6.336054107129014845e+00,4.654682875909479239e-02
7.108700632460573843e+01,-2.627104611681937207e+00,-8.620642680659164059e-01,-1.156135756157659955e+00,-9.445700365986031688e-02,6.337471108222698213e+00,3.127235073492929535e-02
7.128668892664114765e+01,-2.448122064231310624e+00,-7.773847833447337097e-01,-1.179485997557680355e+00,-9.169338099533765052e-02,6.338448084067519694e+00,1.411336833367692611e-01
7.148637152867655686e+01,-2.253231199359823744e+00,-7.007730462507997249e-01,-1.197875098743239830e+00,-8.917694384520911954e-02,6.343109113401630417e+00,2.369627015269444581e-01
7.168605413071196608e+01,-2.070273938765784472e+00,-6.326933600941363478e-01,-1.222393911651020737e+00,-8.490556259242024173e-02,6.350397604122222539e+00,4.009667021631069250e-01
7.188573673274737530e+01,-1.889311668360676988e+00,-5.622254306965861481e-01,-1.244512035697229013e+00,-8.152921002221510949e-02,6.362647564150790913e+00,5.244298342883642050e-01
7.208541933478278452e+01,-1.691574031860552996e+00,-4.995717984735105754e-01,-1.265656528873918329e+00,-7.799769900745653906e-02,6.379721393351481140e+00,6.504277379116261137e-01
7.228510193681819374e+01,-1.500154341519458701e+00,-4.483446499768165561e-01,-1.292430563299030721e+00,-7.371058935790332500e-02,6.399891960505387445e+00,8.059161938216145016e-01
7.248478453885360295e+01,-1.311073713741862212e+00,-3.967463578828041015e-01,-1.313405507389728388e+00,-7.116849640314611147e-02,6.424525467748100738e+00,8.875539390892838165e-01
7.268446714088901217e+01,-1.113449093814873780e+00,-3.533398111981573275e-01,-1.333309155527763190e+00,-6.713829697615246450e-02,6.452417738221122079e+00,1.029784643131071986e+00
7.288414974292442139e+01,-9.187795569349939129e-01,-3.080562492205556335e-01,-1.349043878985343614e+00,-6.476829584344807877e-02,6.484237400364494697e+00,1.101795325626755417e+00
7.308383234495983061e+01,-7.237231706873820114e-01,-2.625431068472290908e-01,-1.359927069030632207e+00,-6.287366107743377897e-02,6.518182629777794723e+00,1.153705322413571377e+00
7.328351494699523982e+01,-5.314408665253964603e-01,-2.296245372191525747e-01,-1.362429767816906168e+00,-6.115714070651044609e-02,6.552620386788951201e+00,1.199106005645290907e+00
7.348319754903064904e+01,-3.323291417180762597e-01,-1.951346746212700989e-01,-1.368745667258732368e+00,-6.017519996716071823e-02,6.589495953518385463e+00,1.212105146887189955e+00
7.368288015106605826e+01,-1.334436416605052633e-01,-1.638738614599329901e-01,-1.368442215713912447e+00,-5.809765312077341121e-02,6.626425629822874086e+00,0.000000000000000000e+00
